<?xml version="1.0" encoding="utf-8"?>
<rss version="2.0" xmlns:sparkle="http://www.andymatuschak.org/xml-namespaces/sparkle" xmlns:dc="http://purl.org/dc/elements/1.1/">
  <channel>
    <title>CleanClip</title>
    <link>https://raw.githubusercontent.com/auv1107/cleancliprun/main/appcast.xml</link>
    <description>最近的更改，附带更新的链接</description>
    <language>zh</language>
    <item>
      <title>1.0.0</title>
      <description>
        <![CDATA[
          <ul>
            <li>添加暗黑模式支持</li>
            <li>支持更多历史记录</li>
          </ul>
        ]]>
      </description>
      <pubDate>2023-08-21</pubDate>
      <releaseNotesLink>https://github.com/auv1107/cleancliprun/releases/tag/v1.0.1</releaseNotesLink>
      <sparkle:minimumSystemVersion>11.0</sparkle:minimumSystemVersion>
      <enclosure
        url="https://github.com/auv1107/cleancliprun/releases/download/v1.0.1/CleanClip.app.zip"
        sparkle:version="1"
        sparkle:shortVersionString="1.0.0"
        length="0"
        type="application/octet-stream"
      />
    </item>
  </channel>
</rss>
